model,feature_set,split,MAE,RMSE,training_time_seconds
LinearRegression,F0,validation,155.29331302257745,189.7724654761461,0.002454996109008789
LinearRegression,F1,validation,137.54999634001024,174.1322762148054,0.0019969940185546875
