model,feature_set,split,MAE,RMSE,training_time_seconds
<<<<<<< HEAD
Linear Regression,F0,validation,155.2933130225775,189.7724654761461,0.0545504093170166
Linear Regression,F1,validation,137.54999634001015,174.1322762148054,0.02627110481262207
=======
LinearRegression,F0,validation,155.2933130225775,189.7724654761461,0.006994724273681641
LinearRegression,F1,validation,137.54999634001015,174.1322762148054,0.006989955902099609
>>>>>>> 1914c2dd4cad679f031794efb9ef4d9b9ba61dc2
